{
  "project_info": {
    "project_number": "347048206601",
    "project_id": "rave-guardian-revisited",
    "storage_bucket": "rave-guardian-revisited.firebasestorage.app"
  },
  "client": [
    {
      "client_info": {
        "mobilesdk_app_id": "1:347048206601:android:6c68d634e4f9fed42b73d8",
        "android_client_info": {
          "package_name": "com.anonymous.RaveGuardianRevisited"
        }
      },
      "oauth_client": [],
      "api_key": [
        {
          "current_key": "AIzaSyD3HdSi-Ktvi66XZ0214BJig4eWMOZnpqk"
        }
      ],
      "services": {
        "appinvite_service": {
          "other_platform_oauth_client": []
        }
      }
    }
  ],
  "configuration_version": "1"
}